ID,Russian,Lemma,Agency
743,кланяться,bow,neutral
658,выживать,survive,positive
833,сбрасывать,dump,positive
194,истощать,exhaust,negative
955,забирать,withdraw,positive
1924,валять,clown,neutral
1541,убеждать,convince,neutral
34,ломать,break,positive
36,лежать,lie,neutral
1705,смущать,confuse,neutral
1579,поклоняться,worship,neutral
317,отчуждать,alien,negative
232,выдерживать,endure,neutral
1820,снимать,skin,negative
189,выслеживать,tail,positive
119,блокировать,block,positive
1197,хлопать,slam,neutral
324,отсутствовать,absent,negative
188,смущать,confuse,neutral
1914,откладывать,postpone,neutral
184,осушать,drain,neutral
844,проливать,shed,neutral
1107,ронять,drop,neutral
1371,сдувать,deflate,neutral
1765,беспокоить,disturb,neutral
639,хоронить,bury,neutral
1945,седлать,saddle,positive
403,преувеличивать,exaggerate,neutral
1804,чернить,blacken,neutral
1948,не одобрить,disapprove,neutral
96,ломать,break,positive
307,прятать,hide,positive
1589,обожать,adore,neutral
603,избегать,avoid,neutral
1620,пилить,saw,positive
223,признаваться,confess,neutral
1587,заканчивать,end,positive
301,извергаться,erupt,positive
1334,спускать,leash,positive
1428,дополнять,supplement,positive
1418,пищать,peep,neutral
1426,льстить,flatter,neutral
1431,привязывать,strap,neutral
1425,требовать,demand,positive
1419,усиливать,amplify,positive
1420,исходить,emanate,neutral
1421,воодушевлять,spirit,positive
1430,потеть,sweat,neutral
1429,перемещать,relocate,positive
1423,привлекать,appeal,neutral
1427,заклинивать,jam,negative
1424,вызывать,evoke,neutral
1422,помещать,place,neutral
1,продолжать,continue,neutral
1433,купать,bathe,neutral
1462,роднить,relate,neutral
1461,размышлять,mull,neutral
1460,трудиться,toil,neutral
1459,совершенствовать,perfect,positive
1458,косить,mow,positive
1457,возвышать,dignify,positive
1456,дезертировать,defect,negative
1455,свирепо,glower,negative
1454,сходиться,converge,neutral
1453,сеять,sow,positive
1452,проклинать,damn,negative
1451,умолять,implore,negative
1450,целовать,kiss,neutral
1449,выгуливать,outing,neutral
1448,кормить,feed,neutral
1447,финансировать,fund,positive
1446,указывать,specify,positive
1445,упаковывать,pack,neutral
1444,пересекать,crisscross,neutral
1443,действовать,operate,positive
1442,чихать,sneeze,negative
1441,дразнить,tease,neutral
1440,выкупать,redeem,positive
1439,резонировать,resonate,neutral
1417,дуться,pout,negative
1437,осмеливаться,dare,positive
1436,активировать,activate,positive
1435,формулировать,formulate,positive
1434,сидеть,sit,neutral
1432,помогать,avail,positive
1438,рыскать,prowl,positive
1406,выцветать,fade,negative
1415,мешать,thwart,positive
1382,дублировать,dub,positive
1381,повышать,heighten,positive
1380,бросать,challenge,neutral
1379,оглядываться,retrospect,neutral
1378,есть,eat,neutral
1377,искриться,sparkle,neutral
1376,оглушать,din,neutral
1375,означать,signify,neutral
1374,вытеснять,displace,positive
1373,завидовать,grudge,negative
1372,конфисковать,confiscate,positive
1370,уважать,esteem,positive
1369,соседствовать,neighbor,neutral
1383,взволновать,thrill,neutral
1368,излучать,emit,neutral
1366,зачислять,enrol,positive
1365,кипятить,boil,neutral
1364,уважать,respect,neutral
1363,сказать,say,neutral
1362,беспокоить,trouble,negative
1361,включать,incorporate,positive
1360,расставаться,part,neutral
1359,удовлетворять,satisfy,neutral
1358,хрипеть,wheeze,negative
1357,бездельничать,slug,positive
1356,группировать,batch,neutral
1355,извергать,spew,positive
1354,уведомлять,notify,neutral
1367,уничтожать,obliterate,positive
1416,светиться,glow,neutral
1384,облицовывать,line,neutral
1386,совершать,commit,positive
1414,одаривать,gift,positive
1413,составлять,comprise,neutral
1412,разрушать,demolish,positive
1411,подвергать,endanger,negative
1410,вмешиваться,interject,positive
1409,разбивать,shatter,negative
1408,бороться,contend,positive
1407,котиться,kitten,neutral
1463,увлажнять,dampen,neutral
1405,оценивать,evaluate,positive
1404,сговариваться,conspire,positive
1403,поддерживать,side,neutral
1402,различать,distinguish,positive
1385,опереться,plume,neutral
1401,пересматривать,revise,positive
1399,опрокидывать,overturn,positive
1398,шить,sew,neutral
1397,загущать,thicken,neutral
1396,замораживать,freeze,neutral
1395,тратить,spend,neutral
1394,организовывать,organize,positive
1393,значить,mean,neutral
1392,хлынуть,spurt,neutral
1391,окружать,compass,neutral
1390,предвидеть,foresee,positive
1389,ранить,wound,negative
1388,санкционировать,authorize,positive
1387,вторгаться,intrude,positive
1400,журчать,gurgle,neutral
1464,классифицировать,classify,positive
1472,радовать,please,neutral
1466,играть,gamble,neutral
1564,доминировать,dominate,positive
1563,заманивать,lure,positive
1562,восхищать,delight,neutral
1561,расстраивать,frustrate,negative
1560,стыковать,dock,neutral
1559,граничить,verge,neutral
1558,сосредотачивать,focus,neutral
1557,нагибаться,stoop,negative
1556,преследовать,obsess,negative
1555,бездельничать,lounge,neutral
1554,представлять,submit,negative
1553,сплющивать,flatten,positive
1552,обсуждать,deliberate,positive
1551,ошеломлять,stun,negative
1550,продвигать,promote,positive
1549,помещать,lodge,neutral
1548,набрасывать,sketch,neutral
1547,передавать,convey,positive
1546,чувствовать,feel,neutral
1545,делать,make,positive
1544,петь,sing,neutral
1543,казнить,execute,positive
1542,участвовать,participate,neutral
1540,преобразовывать,convert,positive
1539,запугивать,intimidate,positive
1538,досаждать,spite,positive
1537,вооружать,forearm,neutral
1536,терпеть,tolerate,neutral
1535,вязать,knit,neutral
1565,гримасничать,grimace,negative
1566,рвать,vomit,negative
1567,вонять,stink,negative
1568,уменьшать,diminish,neutral
1601,обходиться,fare,neutral
1600,налетать,swoop,positive
1599,разбрасывать,strew,neutral
1598,детализировать,detail,neutral
1597,ориентироваться,navigate,positive
1596,ужасать,terrify,positive
1595,планировать,plan,positive
1594,углублять,deepen,positive
1593,окружать,surround,neutral
1592,принуждать,compel,positive
1591,продвигать,advance,positive
1590,удерживать,retain,positive
1588,прибирать,tidy,positive
1586,извлекать,extract,positive
1534,плавать,swim,neutral
1585,посвящать,devote,positive
1583,вмешиваться,intervene,positive
1582,подходить,fit,neutral
1581,полировать,polish,neutral
1580,оценивать,assess,positive
1578,обнаруживать,detect,neutral
1577,восклицать,exclaim,neutral
1576,возникать,arise,neutral
1575,инвестировать,invest,positive
1574,вмешиваться,interfere,neutral
1573,парить,soar,positive
1572,передавать,hand,neutral
1571,назначать,appoint,positive
1570,изорвать,rag,negative
1569,проникать,penetrate,positive
1584,засыпать,gravel,neutral
1533,страдать,suffer,negative
1532,катить,reel,negative
1531,помнить,mind,neutral
1496,шантажировать,blackmail,positive
1495,фантазировать,fantasize,neutral
1494,прилегать,adjoin,neutral
1493,бредить,rave,neutral
1492,ускорять,hasten,positive
1491,любить,love,neutral
1490,поднимать,lift,neutral
1489,стимулировать,stimulate,positive
1488,подпиливать,file,neutral
1487,олицетворять,embody,positive
1486,затмевать,eclipse,positive
1485,очищать,refine,positive
1484,вливать,infuse,positive
1483,пасти,pasture,neutral
1497,лежать,underlie,neutral
1482,кричать,scream,neutral
1480,кормить,berry,neutral
1479,краснеть,redden,neutral
1478,сжимать,compress,positive
1477,ухудшать,worsen,negative
1476,минимизировать,minimize,positive
1475,запутывать,tangle,negative
1474,просвещать,enlighten,positive
1473,брить,shave,neutral
1353,ломать,fracture,negative
1471,подружиться,befriend,positive
1470,комкать,crumple,negative
1469,хватать,suffice,neutral
1468,слушать,listen,neutral
1467,изменять,morph,neutral
1481,иметь,have,neutral
1465,делать,do,neutral
1498,бормотать,mutter,neutral
1500,получать,get,neutral
1530,скрывать,hide,negative
1529,подавлять,suppress,positive
1528,вздрагивать,startle,negative
1527,вторгаться,invade,positive
1526,повиноваться,obey,negative
1525,украшать,bead,neutral
1524,сшивать,stitch,neutral
1523,связывать,bound,neutral
1522,суетиться,fuss,neutral
1521,просвещать,educate,positive
1520,играть,play,neutral
1519,поддерживать,sustain,positive
1518,подслушивать,overhear,negative
1517,оказывать,render,positive
1499,поддерживать,uphold,positive
1516,измельчать,shred,positive
1514,декламировать,recite,neutral
1513,пугать,frighten,positive
1512,взбалтывать,churn,neutral
1511,вести,negotiate,positive
1510,цвести,bloom,neutral
1509,сдерживать,curb,positive
1508,помогать,assist,positive
1507,терять,lose,negative
1506,оправдывать,justify,positive
1505,укрывать,scarf,neutral
1504,расслаблять,relax,neutral
1503,ужасать,terrify,negative
1502,уговаривать,persuade,positive
1501,способствовать,contribute,positive
1515,приходить,come,neutral
1352,изучать,scrutinize,positive
1341,стрелять,fire,positive
1350,брать,take,positive
1180,похищать,kidnap,positive
1179,красться,slink,negative
1178,расстраивать,unnerve,negative
1177,пинать,kick,positive
1176,становиться,become,neutral
1175,раздуваться,bloat,negative
1174,воспроизводить,replicate,neutral
1173,выполнять,accomplish,positive
1172,почитать,revere,positive
1171,реконструировать,reconstruct,positive
1170,волновать,thrill,positive
1169,отмечать,mark,neutral
1168,говорить,speak,neutral
1167,порождать,spawn,positive
1166,калечить,cripple,negative
1165,преуспевать,ace,positive
1164,передавать,impart,positive
1163,дезорганизовать,disarray,negative
1162,занимать,preoccupy,negative
1161,стонать,moan,negative
1160,транслировать,stream,neutral
1159,говорить,speak,neutral
1158,отдыхать,rest,neutral
1157,ломать,fracture,negative
1156,ошеломлять,dizzy,negative
1155,лязгать,clank,neutral
1154,сжимать,constrict,negative
1153,тосковать,yearn,neutral
1152,загружать,load,neutral
1181,визуализировать,visualize,positive
1151,стабилизировать,stabilize,positive
1182,жонглировать,juggle,positive
1184,расстегивать,undo,negative
1214,препарировать,dissect,positive
1213,пахнуть,smell,neutral
1212,отмечать,mark,neutral
1211,изолировать,insulate,positive
1210,заботиться,care,positive
1209,острить,quip,positive
1208,заворачивать,wrap,neutral
1207,вырезать,carve,positive
1206,смотреть,watch,neutral
1205,вешать,hang,neutral
1204,умирать,die,negative
1203,свергать,overthrow,positive
1202,тошнить,nauseate,negative
1201,искажать,flaw,negative
1200,накапливать,amass,positive
1199,толкаться,bump,neutral
1198,радовать,gratify,positive
1196,таять,melt,neutral
1195,ремонтировать,renovate,positive
1194,отравлять,poison,negative
1193,шагать,pace,neutral
1192,одобрять,endorse,positive
1191,обжигать,sear,negative
1190,удлинять,lengthen,positive
1189,поддерживать,back,positive
1188,видеть,sight,neutral
1187,надувать,inflate,positive
1186,увещевать,admonish,positive
1185,рассеивать,dispel,positive
1183,жаждать,crave,neutral
1150,сковывать,shackle,positive
1149,огорчать,sadden,negative
1148,ужасать,appall,negative
1113,модернизировать,upgrade,positive
1112,брызгать,squirt,neutral
1111,уполномочивать,mandate,positive
1110,ехать,ride,neutral
1109,характеризовать,characterize,neutral
1108,тыкаться,nuzzle,neutral
1106,укреплять,fortify,positive
1105,увеличивать,enlarge,positive
1104,радоваться,rejoice,positive
1103,насыщать,saturate,neutral
1102,собирать,glean,positive
1101,соединять,connect,neutral
1100,ворчать,nag,negative
1099,повторяться,recur,neutral
1098,интегрировать,integrate,positive
1097,пускать,blood,neutral
1096,указывать,point,neutral
1095,кормить,feed,neutral
1094,упираться,balk,negative
1093,воспроизводить,reproduce,neutral
1092,запрещать,bar,positive
1091,усаживать,seat,neutral
1090,помогать,help,positive
1089,начинать,start,positive
1088,обивать,pad,neutral
1087,трепать,batter,negative
1086,таращиться,goggle,neutral
1085,информировать,inform,neutral
1084,разъедать,erode,negative
1114,поднимать,elevate,neutral
1115,расширять,broaden,positive
1116,устанавливать,install,positive
1117,выбрасывать,chuck,neutral
1147,земледелие,farm,neutral
1146,мучить,agonize,negative
1145,обнимать,cuddle,neutral
1144,загружать,load,neutral
1143,таскать,tote,neutral
1142,накрывать,hood,neutral
1141,охлаждать,ice,neutral
1140,привлекать,prosecute,positive
1139,переплетать,intertwine,positive
1138,печь,bake,neutral
1137,освобождать,vacate,positive
1136,охлаждать,chill,negative
1135,преследовать,haunt,negative
1134,беспокоить,unsettle,negative
1215,уходить,go,neutral
1133,убивать,assassinate,positive
1131,подниматься,climb,positive
1130,пронзительно,squawk,neutral
1129,общаться,socialize,neutral
1128,сочувствовать,sympathize,neutral
1127,обобщать,summarize,neutral
1126,изумлять,amaze,positive
1125,держать,hold,neutral
1124,освежать,refresh,positive
1123,бродить,wander,negative
1122,проваливаться,fail,negative
1121,разъярять,enrage,negative
1120,нравиться,like,neutral
1119,произносить,mouth,neutral
1118,объединять,unite,positive
1132,вводить,input,positive
1216,трущобиться,slum,negative
1217,ошпаривать,scald,negative
1218,зацикливаться,fixate,negative
1314,соответствовать,correspond,neutral
1313,ущипнуть,nip,neutral
1312,пропускать,miss,negative
1311,угрожать,threaten,positive
1310,взаимодействовать,interact,neutral
1309,развлекать,entertain,neutral
1308,перехватывать,intercept,positive
1307,заводить,wind,neutral
1306,выдерживать,withstand,positive
1305,засорять,clog,negative
1304,даровать,bestow,positive
1303,использовать,use,neutral
1302,дрожать,tremble,negative
1301,перекрывать,overlap,neutral
1300,пульсировать,throb,negative
1299,развлекать,amuse,neutral
1298,кровоточить,bleed,negative
1297,приближать,zoom,neutral
1296,воссоединяться,rejoin,neutral
1295,пиратствовать,pirate,positive
1294,вовлекать,involve,neutral
1293,маскировать,camouflage,neutral
1292,затмевать,dwarf,positive
1291,кондиционировать,condition,neutral
1290,ускорять,quicken,neutral
1289,передавать,transmit,neutral
1288,увеличивать,magnify,neutral
1287,проклинать,curse,negative
1286,улучшать,refine,positive
1315,соблазнять,tempt,neutral
1316,покидать,desert,negative
1317,предписывать,prescribe,positive
1318,приходить,come,neutral
1349,происходить,originate,positive
1348,разрушать,disintegrate,negative
1347,заканчивать,finish,neutral
1346,рубцевать,scar,negative
1345,направлять,funnel,neutral
1344,жужжать,buzz,neutral
1343,ухудшаться,deteriorate,negative
1342,сигналить,honk,neutral
1602,изнашивать,wear,negative
1340,демонтировать,dismantle,positive
1339,провозить,smuggle,positive
1338,истекать,expire,negative
1337,охватывать,encompass,neutral
1336,проходить,pass,neutral
1285,делиться,share,positive
1335,изменять,modify,positive
1332,надвигаться,impend,negative
1331,отгонять,shoo,positive
1330,развертывать,deploy,positive
1329,паниковать,panic,negative
1328,смотреть,look,neutral
1327,волновать,agitate,positive
1326,кричать,shout,neutral
1325,оставаться,remain,neutral
1324,скорбеть,mourn,negative
1323,вводить,inject,positive
1322,отражать,deflect,positive
1321,рекламировать,advertise,neutral
1320,проверять,verify,positive
1319,звонить,ring,neutral
1333,мучить,excruciate,negative
1351,рвать,tear,negative
1284,бронировать,armor,positive
1282,подвергать,jeopardize,negative
1247,телеграфировать,telegraph,positive
1246,шуршать,rustle,neutral
1245,трещать,crackle,neutral
1244,опасаться,misgive,negative
1243,катать,bowl,positive
1242,раскраснеться,flush,neutral
1241,располагать,endear,positive
1240,критиковать,critique,positive
1239,икать,hiccup,negative
1238,помнить,remember,neutral
1237,расстраивать,derange,negative
1236,поливать,water,neutral
1235,облегчать,alleviate,positive
1234,укреплять,solidify,positive
1233,увольнять,ax,positive
1232,приветствовать,welcome,positive
1231,предпринимать,undertake,positive
1230,размешивать,stir,positive
1229,обставлять,furnish,neutral
1228,вдохновлять,inspire,positive
1227,ассортировать,assort,neutral
1226,ранить,injure,negative
1225,умиротворять,placate,positive
1224,заражать,contaminate,negative
1223,повторять,reiterate,positive
1222,инвалидизировать,disable,negative
1221,выгибать,arch,neutral
1220,писать,spell,neutral
1219,выдвигать,nominate,positive
1248,переплетать,entwine,positive
1249,порхать,swan,neutral
1250,воскрешать,resurrect,positive
1251,отрезать,snip,positive
1281,рвать,vomit,negative
1280,сажать,plant,neutral
1279,прыгать,parachute,neutral
1278,отсрочивать,stave,positive
1277,переосмысливать,rethink,positive
1276,хлюпать,slurp,neutral
1275,воспоминать,reminisce,neutral
1274,превосходить,outweigh,neutral
1273,соответствовать,conform,neutral
1272,давить,crush,negative
1271,болеть,ache,negative
1270,высаживаться,disembark,neutral
1269,валяться,wallow,negative
1268,подписываться,subscribe,neutral
1283,вовлекать,engage,neutral
1267,отрезать,clip,neutral
1265,хлопать,bang,neutral
1264,пожинать,reap,positive
1263,оставлять,impoverish,negative
1262,связывать,bind,neutral
1261,отсрочивать,reprieve,positive
1260,расстраивать,unnerve,negative
1259,обносить,wall,neutral
1258,продлевать,prolong,neutral
1257,применять,ply,positive
1256,ненавидеть,loathe,negative
1255,звенеть,jangle,neutral
1254,жарить,roast,neutral
1253,концентрировать,concentrate,neutral
1252,приправлять,season,neutral
1266,разводить,breed,neutral
1603,негодовать,resent,negative
1615,одеваться,dress,neutral
1605,размещать,accommodate,neutral
1974,беспокоиться,fret,negative
1973,исцелять,heal,positive
1972,перевозить,ferry,neutral
1971,хлопать,whack,positive
1970,обедать,dine,neutral
1969,очаровывать,fascinate,negative
1968,лететь,eagle,neutral
1967,нырять,dive,neutral
1966,диагностировать,diagnose,positive
1965,исправлять,amend,positive
1964,душить,smother,positive
1963,отражать,fend,positive
1962,притворяться,feign,positive
1961,визжать,yelp,negative
1960,бесить,infuriate,positive
1959,обманывать,deceive,positive
1958,закладывать,pledge,positive
1957,сбивать,baffle,positive
1956,вилять,wag,neutral
1955,тревожить,unsettle,negative
1954,просеивать,sift,neutral
1953,ослеплять,dazzle,positive
1952,редактировать,edit,positive
1951,пунктировать,punctuate,neutral
1950,парализовать,paralyze,negative
1949,снабжать,stock,neutral
1947,шелушиться,flake,negative
1946,выравнивать,align,neutral
1944,воспламенять,ignite,positive
1975,рассуждать,reason,neutral
1943,воспроизводить,replay,neutral
1976,приправлять,spice,neutral
1978,сочиться,ooze,negative
2007,скончаться,decease,negative
2006,напрягать,exert,positive
2005,кататься,ski,neutral
2004,пить,drink,neutral
2003,отставать,lag,negative
2002,подавлять,depress,negative
2001,скручивать,twist,neutral
2000,усеивать,fleck,neutral
1999,предпочитать,prefer,neutral
1998,проверять,test,neutral
1997,потрясать,stagger,negative
1996,облачать,uniform,neutral
1995,презирать,scorn,positive
1994,изображать,portray,neutral
1993,проповедовать,preach,positive
1992,запечатлевать,imprint,neutral
1991,погружать,immerse,positive
1990,жить,shack,neutral
1989,сутулиться,slouch,negative
1988,плакать,weep,negative
1987,вращаться,revolve,negative
1986,цивилизовать,civilize,neutral
1985,кипеть,seethe,negative
1984,дактилоскопировать,fingerprint,neutral
1983,подрывать,undermine,positive
1982,возмущать,outrage,negative
1981,чинить,mend,positive
1980,сдавать,lease,neutral
1979,поощрять,encourage,positive
1977,усеивать,speck,neutral
2008,объединять,unite,positive
1942,поднимать,elevate,positive
1940,врываться,barge,positive
1904,находить,find,positive
1903,плюхаться,plop,neutral
1902,материализоваться,materialize,positive
1901,знать,know,neutral
1900,превышать,exceed,positive
1899,вызывать,disgust,negative
1898,предпринимать,undertake,positive
1897,подходить,suit,neutral
1896,ограничивать,restrict,negative
1895,считать,reckon,positive
1894,учить,learn,neutral
1893,клевать,peck,neutral
1892,обещать,promise,positive
1891,обострять,escalate,positive
1890,смаковать,savor,positive
1889,совещаться,confer,positive
1888,прыгать,leap,positive
1887,прихлопнуть,swat,positive
1886,специализироваться,specialize,positive
1885,давить,squash,positive
1884,действовать,proceed,neutral
1883,рассеивать,dissipate,negative
1882,угнетать,depress,negative
1881,истощать,exhaust,negative
1880,противоречить,contradict,positive
1879,править,govern,positive
1878,бородить,beard,neutral
1877,тревожить,alarm,negative
1876,составлять,constitute,positive
1905,отличаться,differ,neutral
1941,грызть,gnaw,neutral
1906,посвящать,dedicate,positive
1908,тревожить,alarm,negative
1939,зарубать,notch,neutral
1938,корчиться,writhe,negative
1937,вянуть,wither,negative
1936,доносить,peach,positive
1935,испытывать,essay,neutral
1934,шептать,whisper,neutral
1933,усыпать,freckle,neutral
1932,комкать,wad,neutral
1931,калечить,lame,negative
1930,исключать,expel,positive
1929,обставлять,furnish,neutral
1928,парить,steam,neutral
1927,жаждать,thirst,negative
1926,мостить,pave,positive
1925,разбрызгивать,splatter,neutral
1923,тошнить,sicken,negative
1922,допрашивать,interrogate,positive
1921,получать,derive,neutral
1920,торговать,deal,neutral
1919,располагать,situate,positive
1918,порхать,flit,neutral
1917,украшать,adorn,positive
1916,проституировать,prostitute,negative
1915,стремиться,strive,positive
1913,воссоединять,reunite,positive
1912,наделять,privilege,positive
1911,наклонять,slant,neutral
1910,удерживать,withhold,positive
1909,стремительно,plummet,negative
1907,кивать,nod,neutral
1875,ёрзать,fidget,negative
2009,развязывать,untie,positive
2011,отключать,disconnect,positive
2106,уменьшать,decrease,neutral
2105,принимать,enact,positive
2104,отскакивать,ricochet,neutral
2103,угождать,cater,neutral
2102,закупоривать,cork,neutral
2101,грабить,loot,positive
2100,размахивать,brandish,positive
2099,привязывать,tether,positive
2098,диаграммировать,diagram,neutral
2097,откидываться,recline,neutral
2096,бодрить,exhilarate,positive
2095,шуметь,clamor,positive
2094,клевать,beak,neutral
2093,проникать,infiltrate,positive
2092,душить,throttle,positive
2091,прекращать,terminate,positive
2090,бранить,berate,positive
2089,постановлять,decree,positive
2088,жужжать,whir,neutral
2087,топать,tramp,neutral
2086,запрещать,prohibit,positive
2085,нагревать,heat,neutral
2084,золотить,gild,neutral
2083,мешать,hamper,positive
2082,свистеть,whoosh,neutral
2081,подкрадываться,sidle,neutral
2080,прилипать,adhere,neutral
2079,плавать,sail,neutral
2078,вянуть,wilt,negative
2107,пересекать,traverse,neutral
2077,глотать,chug,neutral
2108,упрекать,rebuke,positive
2110,озадачивать,perplex,negative
2139,соревноваться,vie,positive
2138,завязывать,blindfold,positive
2137,вращать,rev,neutral
2136,искажать,bias,positive
2135,впутывать,implicate,positive
2134,ухудшать,aggravate,positive
2133,прикреплять,affix,neutral
2132,мигрировать,migrate,neutral
2131,становиться,kneel,neutral
2130,отдыхать,camp,neutral
2129,нависать,hulk,neutral
2128,копить,hoard,positive
2127,покрывать,shingle,neutral
2126,дышать,heave,neutral
2125,упрекать,reproach,positive
2124,обитать,dwell,neutral
2123,колотить,pummel,positive
2122,сочувствовать,compassionate,neutral
2121,вводить,mislead,positive
2120,молчать,oyster,neutral
2119,скользить,skitter,neutral
2118,подкрадываться,sneak,neutral
2117,сантехника,plumb,neutral
2116,преодолевать,override,positive
2115,закрывать,closure,neutral
2114,считать,account,neutral
2113,отчуждать,alienate,positive
2112,мчаться,scamper,neutral
2111,оркестровать,orchestrate,positive
2109,копать,spade,neutral
2010,стараться,endeavor,positive
2076,укорачивать,shorten,neutral
2074,обстреливать,barrage,positive
2040,разнообразить,vary,neutral
2039,отражаться,reverberate,neutral
2038,удалять,delete,positive
2037,балансировать,balance,neutral
2036,деформировать,warp,neutral
2035,кататься,skate,neutral
2034,челночить,shuttle,neutral
2033,угрожать,menace,positive
2032,чирикать,chirp,neutral
2031,точно,pinpoint,positive
2030,открывать,reopen,neutral
2029,недоверять,distrust,negative
2028,тащить,lug,neutral
2027,переживать,relive,neutral
2026,председательствовать,preside,positive
2025,разговаривать,converse,neutral
2024,опустошать,desolate,negative
2023,делать,pouch,neutral
2022,нестись,hurtle,positive
2021,скрести,rasp,neutral
2020,глянцевать,gloss,neutral
2019,погружать,submerge,positive
2018,баррикадировать,barricade,positive
2017,асфальтировать,asphalt,neutral
2016,выпивать,booze,neutral
2015,орать,holler,neutral
2014,умножать,multiply,neutral
2013,уклоняться,evade,positive
2012,расстегивать,unzip,neutral
2041,заселять,populate,neutral
2075,проказничать,prank,positive
2042,ругаться,spit,neutral
2044,прогуливаться,amble,neutral
2073,достигать,attain,positive
2072,округлять,round,neutral
2071,откладывать,defer,negative
2070,маршировать,march,neutral
2069,смотреть,behold,neutral
2068,мутить,roil,negative
2067,эвакуировать,evacuate,positive
2066,опьянять,intoxicate,positive
2065,превосходить,excel,positive
2064,петь,choir,neutral
2063,путать,muddle,negative
2062,ограничивать,stint,negative
2061,подогревать,microwave,neutral
2060,надевать,muzzle,positive
2059,кромсать,mangle,positive
2058,огорчать,distress,negative
2057,прижиматься,snuggle,neutral
2056,гравировать,engrave,positive
2055,морщить,scrunch,neutral
2054,дремать,slumber,negative
2053,вверять,entrust,positive
2052,ускользать,elude,positive
2051,утверждать,allege,positive
2050,тлеть,smolder,neutral
2049,шипеть,sizzle,neutral
2048,поднимать,heft,neutral
2047,моросить,drizzle,neutral
2046,заменять,sub,neutral
2045,влечь,entail,neutral
2043,освежать,refresh,positive
1874,смущать,bewilder,negative
1873,изгонять,banish,positive
1872,соблазнять,seduce,positive
1701,пробуждать,awaken,positive
1700,наклонять,incline,neutral
1699,принадлежать,belong,neutral
1698,понимать,comprehend,neutral
1697,поздравлять,congratulate,positive
1696,двигать,propel,positive
1695,испытывать,experience,neutral
1694,ослаблять,weaken,positive
1693,основывать,found,positive
1692,заманивать,bait,positive
1691,размышлять,speculate,neutral
1690,унижать,humiliate,positive
1689,ругать,scold,positive
1688,бить,beat,positive
1687,восстанавливать,rebuild,positive
1686,посвящать,dedicate,positive
1685,огораживать,enclose,positive
1684,горевать,grieve,negative
1683,эксплуатировать,exploit,positive
1682,раздражать,irritate,positive
1681,вытирать,mop,neutral
1680,насыпать,mound,neutral
1679,получать,obtain,positive
1678,ужасать,horrify,positive
1677,убеждать,convince,positive
1676,убивать,kill,positive
1675,предлагать,bid,positive
1674,предполагать,presume,neutral
1673,охотиться,hunt,positive
1702,развиваться,evolve,neutral
1672,оспаривать,dispute,positive
1703,изолировать,isolate,negative
1706,застегивать,fasten,positive
1735,плавать,swim,neutral
1734,запирать,lock,negative
1733,спрашивать,inquire,neutral
1732,глушить,muffle,neutral
1731,реветь,bellow,positive
1730,съеживаться,cringe,negative
1729,пропитывать,drench,neutral
1728,справляться,cope,neutral
1727,прояснять,clarify,positive
1726,разрывать,sever,positive
1725,адаптировать,adapt,neutral
1724,блестеть,glisten,neutral
1723,отвлекать,distract,negative
1722,сдерживать,rein,positive
1721,наклонять,incline,negative
1720,варить,brew,neutral
1719,посыпать,sprinkle,neutral
1718,пугать,startle,neutral
1717,вращать,rotate,neutral
1716,трогать,touch,neutral
1715,волновать,excite,positive
1714,ускорять,accelerate,positive
1713,мять,crease,neutral
1712,опустошать,devastate,positive
1711,спать,sleep,negative
1710,храпеть,snore,negative
1709,пересчитывать,recount,positive
1708,изолировать,isolate,positive
1707,предшествовать,precede,neutral
1704,накапливать,accumulate,positive
1736,спрашивать,question,neutral
1671,пугать,dismay,negative
1669,задумывать,conceive,positive
1635,чесаться,itch,negative
1634,провоцировать,provoke,positive
1633,называть,entitle,positive
1632,выгибать,arc,neutral
1631,вызывать,disgust,negative
1630,держать,bear,neutral
1629,управлять,steer,positive
1628,выстраивать,array,positive
1627,трещать,crackle,neutral
1626,сгребать,rake,positive
1625,поворачивать,turn,neutral
1624,продлевать,extend,neutral
1623,катить,roll,neutral
1622,беспокоить,trouble,negative
1621,стрелять,shoot,positive
1619,запоминать,memorize,positive
1618,цеплять,hitch,neutral
1617,привыкать,accustom,neutral
1616,раскрывать,uncover,positive
1083,регулировать,regulate,positive
1614,возобновлять,renew,positive
1613,шить,sew,neutral
1612,размышлять,ponder,neutral
1611,расти,grow,neutral
1610,чередовать,alternate,neutral
1609,обязывать,oblige,neutral
1608,различать,distinguish,positive
1607,интерпретировать,interpret,positive
1606,теребить,fiddle,neutral
1636,уступать,concede,negative
1670,экономить,save,positive
1637,баловать,indulge,neutral
1639,порождать,generate,positive
1668,прилипать,stick,negative
1667,дозировать,dose,neutral
1666,полагать,deem,positive
1665,излучать,radiate,positive
1664,изменять,vary,neutral
1663,провозглашать,proclaim,positive
1662,вызывать,induce,positive
1661,наносить,inflict,positive
1660,подчеркивать,emphasize,positive
1659,буксировать,tow,positive
1658,расстраивать,frustrate,positive
1657,подавлять,overwhelm,negative
1656,пожирать,devour,positive
1655,усиливать,reinforce,positive
1654,процветать,thrive,positive
1653,возмущать,outrage,positive
1652,заправлять,sauce,neutral
1651,разгружать,unload,neutral
1650,учить,teach,positive
1649,смотреть,face,positive
1648,колоть,prick,positive
1647,устранять,eliminate,positive
1646,диктовать,dictate,positive
1645,чистить,clean,positive
1644,распускаться,bud,neutral
1643,одевать,dress,neutral
1642,осветлять,brighten,positive
1641,распространять,distribute,positive
1640,ругать,rail,neutral
1638,смаковать,relish,positive
1737,пачкать,smudge,neutral
1738,скрывать,cloak,positive
1739,записывать,record,neutral
1838,иллюстрировать,illustrate,positive
1837,раздражать,exasperate,negative
1836,брызгать,sputter,negative
1835,мотивировать,motivate,positive
1834,греметь,blare,neutral
1833,поражать,astonish,positive
1832,исключать,exclude,positive
1831,сталкиваться,clash,positive
1830,душить,suffocate,negative
1829,ломать,break,neutral
1828,убаюкивать,lull,neutral
1827,усложнять,complicate,negative
1826,уходить,go,neutral
1825,гравировать,etch,neutral
1824,молотить,thrash,positive
1823,придумывать,devise,positive
1822,отклоняться,swerve,neutral
1821,опираться,foot,neutral
1819,принуждать,enforce,positive
1818,защищать,advocate,positive
1817,оживлять,revive,positive
1816,скользить,skid,negative
1815,окутывать,envelop,neutral
1814,звенеть,clink,neutral
1813,утверждать,assert,positive
1812,переставлять,rearrange,positive
1811,мести,sweep,positive
1810,восходить,ascend,positive
1809,хвастаться,brag,positive
1839,задерживать,stunt,positive
1808,подкупать,bribe,positive
1840,распаковывать,unpack,neutral
1842,привлекать,sue,positive
1871,освобождать,liberate,positive
1870,звать,call,positive
1869,примирять,reconcile,positive
1868,взбивать,whisk,positive
1867,возвращать,reclaim,positive
1866,недоразумевать,misunderstand,negative
1865,усиливать,intensify,positive
1864,располагать,dispose,positive
1863,напрягать,strain,negative
1862,указывать,point,positive
1861,пересекать,cross,neutral
1860,реализовывать,implement,positive
1859,мчаться,race,positive
1858,говорить,tell,neutral
1857,проживать,reside,neutral
1856,подбирать,match,neutral
1855,подражать,imitate,neutral
1854,играть,gamble,positive
1853,менять,swap,neutral
1852,таранить,ram,positive
1851,критиковать,criticize,positive
1850,цитировать,cite,neutral
1849,квалифицировать,qualify,neutral
1848,компенсировать,compensate,positive
1847,озадачивать,puzzle,negative
1846,контролировать,supervise,positive
1845,взъерошивать,ruffle,neutral
1844,ужасать,horrify,negative
1843,тосковать,yearn,negative
1841,поникать,droop,negative
1807,искать,quest,positive
1806,аплодировать,applaud,positive
1805,посвящать,devote,positive
1769,воздерживаться,refrain,neutral
1768,выбирать,opt,positive
1767,сливать,merge,neutral
1766,крутить,spin,neutral
1764,предопределять,destine,negative
1763,ходить,walk,neutral
1762,координировать,coordinate,positive
1761,поражать,astonish,positive
1760,ёрзать,wiggle,neutral
1759,поднимать,boost,positive
1758,забывать,forget,negative
1757,возделывать,cultivate,positive
1756,пахать,plow,positive
1755,циркулировать,circulate,neutral
1754,поражать,strike,positive
1753,окрашивать,color,neutral
1752,обгонять,overtake,positive
1751,водить,drive,neutral
1750,сотрудничать,cooperate,neutral
1749,преобладать,prevail,positive
1748,утешать,comfort,positive
1747,испаряться,evaporate,negative
1746,рекламировать,advertise,positive
1745,включать,enable,positive
1744,жертвовать,donate,positive
1743,поддаваться,succumb,negative
1742,пристращать,addict,negative
1741,льстить,flatter,positive
1740,разговаривать,talk,neutral
1770,жечь,burn,neutral
1771,пополнять,refill,neutral
1772,нагревать,heat,neutral
1773,плакать,cry,negative
1803,распутывать,unravel,positive
1802,становиться,become,neutral
1801,анализировать,analyze,positive
1800,говорить,say,neutral
1799,торговать,hawk,positive
1798,резать,cut,positive
1797,инициировать,initiate,positive
1796,свидетельствовать,testify,positive
1795,заражать,infect,negative
1794,возбуждать,agitate,negative
1793,вычерпывать,bail,neutral
1792,отвлекать,divert,positive
1791,хранить,vault,positive
1790,улучшать,enhance,positive
1604,решать,tackle,positive
1789,членораздельно,articulate,positive
1787,укреплять,strengthen,positive
1786,квалифицировать,qualify,neutral
1785,прощать,pardon,positive
1784,глазировать,glaze,neutral
1783,внедрять,embed,positive
1782,уверять,reassure,positive
1781,выжимать,wring,positive
1780,сидеть,sit,neutral
1779,мелить,chalk,neutral
1778,скомковываться,clump,neutral
1777,подвергаться,undergo,negative
1776,преувеличивать,exaggerate,positive
1775,очаровывать,fascinate,positive
1774,опустошать,devastate,negative
1788,разлагаться,decay,negative
1082,умерщвлять,mortify,negative
1071,навязывать,impose,positive
1080,раскрывать,disclose,positive
375,ступать,tread,neutral
374,суетиться,scurry,neutral
373,сдерживать,restrain,positive
372,отправлять,dispatch,positive
371,защелкивать,latch,positive
370,заострять,sharpen,positive
369,плести,braid,positive
368,пульсировать,throb,negative
367,менять,veer,neutral
366,калечить,butcher,positive
365,раздражать,annoy,negative
364,зависеть,hinge,neutral
363,жаждать,crave,positive
362,созревать,mature,neutral
361,бежать,trot,neutral
360,порхать,butterfly,neutral
359,искривлять,crook,neutral
358,тушить,stew,neutral
357,стирать,wash,neutral
356,колебаться,waver,negative
355,показывать,exhibit,positive
354,жарить,roast,neutral
353,хвастаться,boast,positive
352,воздвигать,erect,positive
351,тосковать,long,negative
350,поднимать,hoist,positive
349,появляться,reappear,neutral
348,стучать,rap,neutral
347,скорбеть,mourn,negative
376,тащиться,trudge,negative
346,упорствовать,persist,positive
377,нарушать,breach,positive
379,прижиматься,nestle,neutral
409,ошибаться,mistake,negative
408,приглаживать,sleek,neutral
407,свирепеть,savage,positive
406,дремать,doze,negative
405,выпускать,vent,positive
404,отвращать,avert,positive
402,облегчать,lighten,neutral
401,качаться,wobble,negative
400,обескураживать,discourage,negative
399,угадывать,divine,positive
398,приглушать,muffle,positive
397,избирать,elect,positive
396,заменять,substitute,neutral
395,щипать,goose,positive
394,зондировать,probe,positive
393,бунтовать,rebel,positive
392,мучить,torment,positive
391,нарушать,violate,positive
390,освещать,light,neutral
389,раскалывать,splinter,negative
388,вращаться,swivel,neutral
387,прикреплять,tack,neutral
386,вылупляться,hatch,positive
385,взъерошиваться,bristle,negative
384,предлагать,offer,neutral
383,клеймить,badge,neutral
382,владеть,wield,positive
381,приписывать,attribute,neutral
380,прояснять,clear,neutral
378,транслировать,broadcast,positive
410,побуждать,spur,positive
345,извиваться,squirm,negative
343,закрывать,close,neutral
306,пренебрегать,neglect,negative
305,бухать,thump,positive
304,отправляться,depart,neutral
303,поражать,amaze,negative
302,завидовать,envy,negative
300,давать,nickname,positive
299,листать,leaf,neutral
298,смешивать,blend,neutral
297,охотиться,mouse,neutral
296,клясться,vow,positive
295,разрешать,permit,positive
294,останавливать,stem,positive
293,избивать,batter,positive
292,опухать,swell,neutral
291,бросать,sling,positive
290,закручиваться,spiral,negative
289,струиться,trickle,negative
288,разбивать,stove,neutral
287,вздрагивать,flinch,negative
286,маскировать,disguise,positive
285,смешивать,mix,neutral
284,отпирать,unlock,positive
283,предлагать,tender,neutral
282,визжать,shriek,negative
281,голосовать,vote,positive
280,изобретать,invent,positive
279,обижать,offend,negative
278,увольнять,sack,positive
277,портить,spoil,negative
308,делить,chunk,neutral
344,ошеломлять,daze,negative
309,изумляться,marvel,neutral
311,огорчать,distress,negative
342,уклоняться,dodge,positive
341,подавлять,depress,negative
340,отступать,recede,negative
339,рубить,hack,positive
338,зажимать,clamp,positive
337,рыбачить,fish,neutral
336,оценивать,estimate,neutral
335,патрулировать,patrol,positive
334,выпаливать,blurt,negative
333,затвердевать,stiffen,neutral
332,застегивать,zip,positive
331,балансировать,poise,neutral
330,резать,slash,positive
329,работать,slave,negative
328,подавлять,stifle,negative
327,выделять,highlight,positive
326,таращиться,gape,negative
325,процветать,flourish,positive
323,собирать,muster,positive
322,интриговать,intrigue,positive
321,разводить,breed,neutral
320,обновлять,update,positive
319,приносить,fetch,positive
318,комкать,crumple,negative
316,бороться,wrestle,positive
315,перекручивать,twist,negative
314,капать,drip,negative
313,ныть,whine,negative
312,затвердевать,harden,neutral
310,прибегать,resort,negative
411,репетировать,rehearse,positive
412,уплотнять,compact,neutral
413,пролетать,fleet,negative
509,оставаться,stay,neutral
508,поднимать,raise,positive
507,забывать,forget,negative
506,резать,cut,positive
505,отвечать,answer,neutral
504,посылать,send,positive
503,читать,read,neutral
502,платить,pay,neutral
501,бросать,throw,positive
500,гулять,walk,neutral
499,ждать,wait,negative
498,понимать,understand,neutral
497,тратить,spend,neutral
496,покрывать,cover,positive
495,ловить,catch,positive
494,звучать,sound,neutral
493,встречать,meet,neutral
492,нести,carry,positive
491,помнить,remember,neutral
490,достигать,reach,positive
489,играть,play,neutral
488,проходить,pass,neutral
487,лежать,lie,neutral
486,заботиться,care,neutral
485,становиться,become,neutral
484,останавливать,stop,positive
483,шагать,step,neutral
482,сидеть,sit,neutral
481,отдыхать,rest,neutral
510,объяснять,explain,positive
480,расти,grow,neutral
511,учить,learn,neutral
513,решать,decide,positive
542,прятать,hide,neutral
541,сражаться,fight,positive
540,добавлять,add,neutral
539,думать,think,neutral
538,писать,write,positive
537,летать,fly,neutral
536,позволять,allow,neutral
535,спасать,save,positive
534,слушать,listen,negative
533,возвращаться,return,neutral
532,предлагать,offer,positive
531,рисовать,draw,positive
530,замечать,notice,negative
529,представлять,imagine,neutral
528,висеть,hang,neutral
527,толкать,push,positive
526,выбирать,pick,positive
525,есть,eat,neutral
524,пересекать,cross,neutral
523,вести,lead,positive
522,умирать,die,negative
521,полагать,suppose,neutral
520,ронять,drop,neutral
519,желать,wish,neutral
518,тянуть,pull,positive
517,скучать,miss,negative
516,ожидать,expect,neutral
515,носить,wear,neutral
514,смотреть,watch,negative
512,начинать,begin,positive
479,наполнять,fill,neutral
478,менять,change,positive
477,разговаривать,talk,neutral
442,знать,know,neutral
441,держать,hold,neutral
440,помогать,help,positive
439,иметь,have,neutral
438,случаться,happen,negative
437,идти,go,neutral
436,давать,give,neutral
435,находить,find,neutral
434,делать,do,positive
433,приходить,come,neutral
432,звать,call,neutral
431,спрашивать,ask,neutral
430,писать,pee,neutral
429,пробуждать,arouse,positive
428,взволновать,flurry,neutral
427,сталкиваться,collide,negative
426,оснащать,rig,positive
425,разрушать,disrupt,positive
424,очищать,scour,positive
423,выпускать,unleash,positive
422,зубрить,jag,neutral
421,рассеивать,disperse,positive
420,сдвигать,budge,neutral
419,изучать,pore,positive
418,писать,scrawl,neutral
417,недооценивать,underestimate,negative
416,выписывать,discharge,positive
415,надзирать,oversee,positive
414,оживлять,animate,positive
443,покидать,leave,neutral
444,позволять,let,neutral
445,смотреть,look,neutral
446,делать,make,positive
476,начинать,start,positive
475,двигаться,move,neutral
474,возражать,mind,neutral
473,верить,believe,neutral
472,работать,work,positive
471,стоять,stand,neutral
470,говорить,speak,neutral
469,устанавливать,set,positive
468,казаться,seem,negative
467,бежать,run,neutral
466,класть,put,neutral
465,терять,lose,negative
464,хранить,keep,positive
463,слышать,hear,neutral
276,вопить,wail,negative
462,получать,get,neutral
460,чувствовать,feel,neutral
459,смотреть,face,positive
458,приносить,bring,positive
457,хотеть,want,neutral
456,поворачивать,turn,neutral
455,пробовать,try,positive
454,думать,think,neutral
453,рассказывать,tell,positive
452,брать,take,positive
451,показывать,show,neutral
450,видеть,see,negative
449,говорить,say,neutral
448,нуждаться,need,negative
447,значить,mean,neutral
461,следовать,follow,neutral
543,благодарить,thank,neutral
275,побуждать,prompt,positive
273,затемнять,obscure,negative
99,удивляться,wonder,neutral
98,передавать,hand,neutral
97,использовать,use,neutral
95,падать,fall,negative
94,жить,live,neutral
93,указывать,point,positive
92,закрывать,close,positive
91,открывать,open,positive
90,парализовать,paralyze,negative
89,изготовлять,fabricate,positive
88,опухать,swell,negative
87,зарабатывать,earn,positive
86,искоренять,eradicate,positive
85,торопить,hurry,neutral
84,похищать,abduct,positive
83,ловить,snare,positive
82,действовать,act,neutral
81,разворачивать,unroll,neutral
80,обвинять,incriminate,positive
79,карикатурить,caricature,neutral
78,боксовать,box,positive
77,мостить,pave,neutral
76,одерживать,obsess,negative
75,сообщать,report,neutral
74,грабить,ransack,positive
73,мстить,retaliate,positive
72,перенаправлять,redirect,positive
71,томиться,languish,negative
70,выражать,express,positive
100,подписывать,sign,neutral
69,сверкать,glare,negative
101,вооружать,arm,positive
103,действовать,act,positive
133,пробовать,taste,neutral
132,пахнуть,smell,neutral
131,удваивать,double,neutral
130,хранить,store,neutral
129,заворачивать,wrap,neutral
128,бороться,struggle,positive
127,хватать,grab,positive
126,испытывать,experience,neutral
125,исправлять,fix,positive
124,тонуть,sink,negative
123,отслеживать,track,neutral
122,ошибаться,mistake,negative
121,наклоняться,lean,neutral
120,скользить,slip,negative
118,мчаться,rush,neutral
117,изучать,study,positive
116,представлять,present,positive
115,сортировать,sort,neutral
114,прыгать,jump,neutral
113,считать,count,neutral
112,одевать,clothe,positive
111,чистить,clean,positive
110,катиться,roll,neutral
109,формировать,form,positive
108,связывать,tie,neutral
107,приклеивать,stick,neutral
106,обещать,promise,positive
105,нести,bear,positive
104,касаться,touch,neutral
102,поститься,fast,neutral
134,освобождать,release,positive
68,обугливать,char,negative
66,печатать,print,neutral
30,считать,count,neutral
29,молчать,clam,neutral
28,огорчать,chagrin,negative
27,уменьшаться,abate,neutral
26,вводить,misguide,negative
25,уходить,retire,neutral
24,конфликтовать,conflict,neutral
23,превосходить,transcend,positive
22,напевать,hum,neutral
21,скулить,whimper,negative
20,мучиться,agonize,negative
19,окружать,case,neutral
18,падать,fall,negative
17,перегонять,outrun,positive
16,падать,fall,negative
15,прощать,forgive,positive
14,обучать,school,positive
13,чтить,commemorate,positive
12,подражать,emulate,positive
11,комкать,rumple,neutral
10,жужжать,beetle,neutral
9,водить,drive,positive
8,перезагружать,reset,positive
7,разделять,split,neutral
6,терроризировать,terrorize,positive
5,сотрудничать,collaborate,positive
4,перегруппировываться,regroup,positive
3,оскорблять,insult,positive
2,обращаться,handle,positive
31,углубляться,delve,positive
67,шататься,totter,negative
32,сжимать,clench,positive
35,щелкать,click,neutral
65,катапультировать,catapult,positive
64,подчеркивать,accentuate,positive
63,истончать,thin,neutral
62,обогащать,enrich,positive
61,покупать,buy,neutral
60,рыгать,belch,neutral
59,смотреть,look,neutral
58,сходить,derail,positive
57,сдерживать,constrain,positive
56,знать,know,neutral
55,отвечать,reciprocate,positive
54,покрывать,cover,neutral
53,мерцать,flicker,neutral
52,считать,reckon,positive
51,длиться,last,neutral
50,отрекаться,renounce,positive
49,заниматься,garden,neutral
48,тратить,expend,positive
47,удостоверять,certify,positive
46,стучать,thump,positive
45,успокаивать,sedate,neutral
44,обрабатывать,process,neutral
43,схватиться,scuffle,positive
42,показывать,show,neutral
41,продавать,sell,neutral
40,окунать,dunk,positive
39,процветать,prosper,positive
38,выставлять,flaunt,positive
37,уничтожать,annihilate,positive
33,восставать,uprise,positive
135,мыть,wash,neutral
136,атаковать,attack,positive
137,требовать,demand,positive
239,погружаться,plunge,positive
238,восхищать,delight,positive
237,барабанить,drum,neutral
236,подстрекать,needle,positive
235,ушибать,bruise,negative
234,расширять,widen,neutral
233,связывать,associate,neutral
231,увлажнять,damp,neutral
230,хромать,limp,negative
229,мелькать,streak,neutral
228,шаркать,shuffle,neutral
227,сажать,strand,negative
226,обладать,possess,positive
225,предавать,betray,positive
224,жалить,sting,positive
222,размывать,blur,neutral
221,защищать,shield,positive
220,исследовать,explore,positive
219,устанавливать,mount,positive
218,опрыскивать,spray,neutral
217,приспосабливать,gear,positive
216,озадачивать,puzzle,neutral
215,резервировать,reserve,neutral
214,дрожать,shiver,negative
213,переводить,transfer,neutral
212,вырезать,carve,positive
211,обедать,dine,neutral
210,затягивать,tighten,positive
209,парить,steam,neutral
240,выдалбливать,hollow,neutral
208,искриться,spark,positive
241,толкать,thrust,positive
243,щелкать,flick,neutral
272,усмехаться,chuckle,neutral
271,загребать,spoon,neutral
270,стонать,moan,negative
269,обрамлять,rim,neutral
268,искать,prospect,positive
267,вспыхивать,flare,neutral
266,сдаваться,surrender,negative
265,суммировать,sum,neutral
264,метить,tag,neutral
263,уверять,reassure,positive
262,лоббировать,lobby,positive
261,жаться,huddle,neutral
260,горбиться,hunch,neutral
259,маячить,loom,negative
258,регистрировать,log,neutral
257,шлепать,smack,positive
256,плыть,sail,positive
255,вызывать,disgust,negative
254,проводить,conduct,positive
253,приседать,crouch,neutral
252,брить,shave,positive
251,зачерпывать,scoop,positive
250,выгибать,arch,neutral
249,мельчать,shallow,neutral
248,жарить,fry,neutral
247,вдохновлять,inspire,positive
246,гадить,shit,negative
245,снаряжать,outfit,positive
244,останавливать,halt,positive
242,бомбить,bomb,positive
207,шлифовать,sand,neutral
206,убегать,flee,negative
205,нацеливать,target,positive
166,обманывать,trick,positive
165,прерывать,interrupt,positive
164,приговаривать,sentence,positive
163,потеть,sweat,neutral
162,организовывать,arrange,positive
161,блуждать,wander,neutral
160,заманивать,trap,positive
159,сравнивать,compare,neutral
158,смотреть,gaze,neutral
157,течь,stream,neutral
156,просить,beg,negative
155,глотать,swallow,neutral
154,тереть,rub,neutral
153,переключать,switch,neutral
152,отвечать,reply,neutral
151,постукивать,tap,neutral
150,стоить,cost,neutral
149,покидать,abandon,positive
148,направлять,direct,positive
147,закупоривать,bottle,neutral
146,скользить,slide,neutral
145,противостоять,counter,positive
144,недоставать,lack,negative
143,грести,row,neutral
142,встречать,meet,neutral
141,делать,pause,neutral
140,охранять,guard,positive
139,танцевать,dance,neutral
138,убеждать,convince,positive
167,царапать,scratch,neutral
168,подшивать,file,neutral
169,проектировать,design,positive
170,накрывать,blanket,neutral
204,путешествовать,tour,neutral
203,воспитывать,rear,positive
202,побеждать,defeat,positive
201,фотографировать,photograph,positive
200,пропускать,skip,positive
199,болтать,chat,neutral
198,вытаскивать,beach,neutral
197,парить,hover,neutral
196,изгибать,curve,neutral
195,упражняться,exercise,positive
193,занимать,occupy,positive
192,кровоточить,bleed,negative
191,ударяться,bump,neutral
190,огибать,skirt,neutral
274,контролировать,monitor,neutral
187,задерживаться,linger,neutral
185,толкать,shove,positive
183,извлекать,benefit,positive
182,резать,slice,positive
181,усложнять,complicate,neutral
180,плевать,spit,neutral
179,командовать,command,positive
178,ползти,creep,neutral
177,ухмыляться,grin,neutral
176,быть,owe,neutral
175,держать,bet,positive
174,требовать,exact,positive
173,приветствовать,greet,positive
172,привыкать,habit,neutral
171,отражать,echo,neutral
186,похлопывать,pat,neutral
1081,надписывать,inscribe,positive
544,появляться,appear,negative
546,присоединяться,join,neutral
912,вести,behave,neutral
911,ужасать,terrify,positive
910,рисовать,paint,neutral
909,бросать,fling,positive
908,топтать,stamp,neutral
907,вырывать,snatch,positive
906,исчезать,vanish,negative
905,преследовать,pursue,positive
904,обременять,burden,negative
903,смягчать,soften,neutral
902,цепляться,cling,negative
901,кувыркаться,tumble,negative
900,сокращаться,shrink,negative
899,разочаровывать,disappoint,negative
898,мучить,rack,neutral
897,организовывать,organize,positive
896,истощать,exhaust,negative
895,игнорировать,overlook,negative
894,плескаться,splash,neutral
893,произносить,utter,neutral
892,увольнять,dismiss,positive
891,преуспевать,succeed,positive
890,голодать,starve,negative
889,впечатлять,impress,negative
888,обращать,reverse,positive
887,делить,divide,neutral
886,сажать,closet,neutral
885,потреблять,consume,neutral
884,одобрять,approve,positive
913,молоть,grind,neutral
883,бросать,quit,positive
914,разветвляться,fork,neutral
916,действовать,operate,positive
945,шипеть,hiss,neutral
944,оседать,slump,negative
943,сопровождать,escort,positive
942,полагаться,rely,negative
941,щипать,pinch,neutral
940,предвидеть,anticipate,positive
939,напоминать,resemble,neutral
938,украшать,decorate,positive
937,рубить,chop,neutral
936,советовать,advise,positive
935,шокировать,shock,negative
934,принимать,adopt,positive
933,преобразовывать,transform,positive
932,наказывать,punish,positive
931,управлять,steer,positive
930,ткать,weave,positive
929,панорамировать,pan,neutral
928,определять,define,positive
927,составлять,profile,neutral
926,скучать,bore,negative
925,инструктировать,instruct,positive
924,хватать,seize,positive
923,пить,drink,neutral
922,преследовать,haunt,negative
921,разочаровывать,disappoint,negative
920,уходить,retire,positive
919,преодолевать,overcome,positive
918,уменьшать,reduce,neutral
917,гарантировать,guarantee,positive
915,назначать,assign,positive
946,тикать,tick,neutral
882,устанавливать,establish,positive
880,улучшать,improve,positive
846,плавать,swim,neutral
845,забивать,score,positive
843,качаться,sway,neutral
842,сопровождать,accompany,neutral
841,занимать,borrow,neutral
840,качать,pump,neutral
839,позировать,pose,positive
838,дышать,breathe,neutral
837,арестовывать,arrest,positive
836,извиняться,apologize,neutral
835,благоволить,favor,neutral
834,греметь,rattle,neutral
832,подкрадываться,sneak,positive
831,наблюдать,observe,neutral
830,реагировать,react,neutral
829,проклинать,curse,positive
828,душить,choke,negative
827,жевать,chew,neutral
826,смотреть,eye,neutral
825,определять,identify,positive
824,щелкать,click,neutral
823,читать,read,neutral
822,предопределять,fate,negative
821,предупреждать,alert,positive
820,информировать,inform,positive
819,латать,patch,positive
818,поддерживать,maintain,positive
817,захватывать,capture,positive
816,продвигаться,advance,positive
847,запирать,bolt,positive
881,определять,determine,positive
848,умолять,plead,negative
850,спускаться,descend,neutral
879,расширять,expand,positive
878,поглощать,absorb,neutral
877,выпрямлять,straighten,neutral
876,хмуриться,frown,negative
875,разбивать,smash,positive
874,решать,resolve,positive
873,впечатлять,impress,positive
872,рыдать,sob,negative
871,продолжать,proceed,positive
870,привинчивать,screw,neutral
869,определять,locate,neutral
868,удовлетворять,satisfy,neutral
867,представлять,represent,positive
866,кипятить,boil,neutral
865,обрезать,clip,neutral
864,вытирать,towel,neutral
863,жениться,marry,neutral
862,писать,write,neutral
861,обвинять,accuse,positive
860,предотвращать,prevent,positive
859,обучать,train,positive
858,привлекать,attract,neutral
857,веять,breeze,neutral
856,наклонять,tilt,neutral
855,решать,solve,positive
854,указывать,indicate,neutral
853,скрести,scrape,neutral
852,карабкаться,scramble,positive
851,набухать,swell,neutral
849,заявлять,declare,positive
947,вздрагивать,startle,neutral
948,ждать,wait,negative
949,достигать,achieve,positive
1046,дергаться,twitch,negative
1045,лечить,cure,positive
1044,гнить,rot,negative
1043,сверлить,drill,neutral
1042,формировать,fashion,positive
1041,составлять,draft,positive
1040,освещать,illuminate,positive
1039,приветствовать,greet,neutral
1038,не соглашаться,disagree,positive
1037,противостоять,oppose,positive
1036,возвращать,regain,positive
1035,соревноваться,compete,positive
1034,печь,bake,neutral
1033,подниматься,rise,positive
1032,бежать,run,neutral
1031,восстанавливать,restore,positive
1030,демонстрировать,demonstrate,positive
1029,комплектовать,man,positive
1028,пугать,frighten,negative
1027,созерцать,contemplate,neutral
1026,рисовать,draw,neutral
1025,обеспечивать,ensure,positive
1024,строить,construct,positive
1023,подразумевать,imply,neutral
1022,надоедать,bore,negative
1021,бороться,fight,positive
1020,развлекать,amuse,positive
1019,ранить,injure,positive
1018,нанимать,employ,positive
1047,осматривать,inspect,positive
1017,пылать,blaze,positive
1048,курить,smoke,neutral
1050,облегчать,relieve,positive
1079,грубо,blunder,negative
1078,переписывать,rewrite,positive
1077,ослеплять,dazzle,positive
1076,оказывать,barb,neutral
1075,бухать,boom,neutral
1074,поддерживать,bolster,positive
1073,мастерить,craft,positive
1072,размечать,size,neutral
2140,ухаживать,woo,positive
1070,не любить,dislike,negative
1069,купать,bathe,neutral
1068,шлепаться,flop,negative
1067,грешить,sin,negative
1066,размазывать,smear,neutral
1065,консультировать,consult,positive
1064,состоять,consist,neutral
1063,публиковать,publish,positive
1062,растворять,dissolve,neutral
1061,устанавливать,set,neutral
1060,одалживать,lend,neutral
1059,смущать,embarrass,negative
1058,раздражать,annoy,positive
1057,включать,plug,neutral
1056,работать,work,neutral
1055,готовить,cook,neutral
1054,сводить,cramp,negative
1053,переводить,translate,positive
1052,синхронизировать,time,neutral
1051,поднимать,heave,positive
1049,фильтровать,filter,neutral
1016,приобретать,acquire,positive
1015,жаловаться,bitch,negative
1014,сгибаться,buckle,negative
979,предлагать,propose,positive
978,предсказывать,predict,positive
977,отбиваться,stray,negative
976,отменять,cancel,positive
975,подглядывать,peek,neutral
974,рассматривать,review,neutral
973,готовить,prepare,positive
972,хихикать,giggle,neutral
971,отвергать,reject,positive
970,покупать,shop,neutral
969,рекомендовать,recommend,positive
968,сочинять,compose,positive
967,выполнять,accomplish,positive
966,общаться,communicate,positive
965,объединять,combine,neutral
964,запрещать,forbid,positive
963,следовать,follow,neutral
962,пыхтеть,puff,neutral
961,ожидать,await,negative
960,пронзать,pierce,positive
959,сигналить,horn,neutral
958,стоять,stand,neutral
957,предавать,rat,positive
956,исцелять,heal,positive
954,разрабатывать,elaborate,positive
953,нарастать,surge,positive
952,темнеть,darken,neutral
951,идти,go,neutral
950,бросаться,dart,positive
980,искушать,tempt,positive
981,приостанавливать,suspend,positive
982,толкаться,crowd,negative
983,подавлять,overwhelm,negative
1013,изменять,alter,positive
1012,подталкивать,nudge,neutral
1011,заключать,conclude,positive
1010,собирать,assemble,positive
1009,выщипывать,pluck,neutral
1008,сохранять,preserve,positive
1007,ослаблять,loosen,neutral
1006,собирать,gather,neutral
1005,вычислять,calculate,positive
1004,танцевать,dance,neutral
1003,грохотать,rumble,neutral
1002,обманывать,cheat,positive
1001,мочиться,piss,neutral
1000,сжимать,clasp,neutral
815,сталкиваться,encounter,neutral
999,ворчать,grunt,neutral
997,уступать,cave,negative
996,ограничивать,limit,negative
995,приземляться,land,neutral
994,слушать,hear,neutral
993,благословлять,bless,positive
992,капать,drip,neutral
991,пинать,knuckle,positive
990,расследовать,investigate,positive
989,подрезать,trim,neutral
988,вооружать,arm,positive
987,возобновлять,resume,positive
986,полосить,stripe,neutral
985,намекать,intimate,neutral
984,плакать,weep,negative
998,крошиться,crumble,negative
545,соглашаться,agree,neutral
814,защищать,defend,positive
812,влиять,affect,neutral
643,осознавать,realize,neutral
642,кричать,shout,neutral
641,поддерживать,support,positive
640,копать,dig,positive
638,вовлекать,involve,positive
637,приглашать,invite,positive
636,воровать,steal,positive
635,дышать,breathe,neutral
634,беспокоить,bother,negative
633,удалять,remove,positive
632,сосредоточивать,focus,positive
631,предполагать,assume,neutral
630,доказывать,prove,positive
629,пинать,kick,positive
628,продавать,sell,neutral
627,тащить,drag,positive
626,смотреть,stare,negative
625,защищать,protect,positive
624,трескаться,crack,neutral
623,окружать,surround,neutral
622,готовить,prepare,positive
621,наливать,pour,neutral
620,принадлежать,belong,neutral
619,соединять,pair,neutral
618,подниматься,climb,neutral
617,отказываться,refuse,positive
616,приветствовать,welcome,positive
615,проваливаться,fail,negative
614,предлагать,suggest,positive
644,взрываться,burst,neutral
613,убегать,escape,positive
645,заменять,replace,positive
647,притворяться,pretend,neutral
677,мелькать,flash,neutral
676,представлять,introduce,positive
675,собирать,collect,neutral
674,смешивать,mix,neutral
673,открывать,reveal,positive
672,узнавать,recognize,neutral
671,отправлять,post,neutral
670,настаивать,insist,positive
669,спорить,argue,positive
668,обсуждать,discuss,neutral
667,курить,smoke,neutral
666,жениться,marry,positive
665,сообщать,report,neutral
664,вытирать,wipe,neutral
663,беспокоить,worry,negative
662,предупреждать,warn,positive
661,складывать,fold,neutral
660,кусать,bite,positive
659,практиковать,practice,neutral
657,винить,blame,positive
656,начинать,begin,neutral
655,получать,get,neutral
654,описывать,describe,neutral
653,существовать,exist,negative
652,извинять,excuse,negative
651,отвечать,respond,neutral
650,открывать,discover,neutral
649,требовать,claim,positive
648,создавать,create,positive
646,кричать,scream,negative
678,щелкать,snap,neutral
612,соответствовать,match,neutral
610,тренировать,train,positive
575,строить,build,positive
574,смеяться,laugh,neutral
573,стрелять,shoot,positive
572,поселяться,settle,positive
571,лежать,lay,neutral
570,упоминать,mention,neutral
569,пить,drink,neutral
568,покупать,buy,neutral
567,просыпаться,wake,neutral
566,посещать,visit,neutral
565,ударять,hit,positive
564,рассматривать,consider,neutral
563,жечь,burn,neutral
562,напоминать,remind,neutral
561,чувствовать,feel,neutral
560,бояться,fear,negative
559,продолжать,continue,positive
558,проверять,check,neutral
557,плакать,cry,negative
556,выбирать,choose,positive
555,дуть,blow,neutral
554,строить,build,positive
553,бить,beat,positive
552,отмечать,note,neutral
551,прибывать,arrive,neutral
550,подниматься,rise,positive
549,беспокоиться,worry,negative
548,трясти,shake,neutral
547,убивать,kill,positive
576,закрывать,shut,positive
611,стучать,knock,neutral
577,ехать,ride,neutral
579,ненавидеть,hate,negative
609,жить,live,neutral
608,обращаться,handle,positive
607,обращаться,treat,neutral
606,собирать,gather,neutral
605,принимать,accept,neutral
604,догадываться,guess,neutral
602,забастовать,strike,positive
601,служить,serve,positive
600,запирать,lock,positive
599,учить,teach,positive
598,входить,enter,neutral
597,толкаться,crowd,neutral
596,исчезать,disappear,negative
595,выигрывать,win,positive
594,оставлять,leave,neutral
593,включать,include,positive
592,игнорировать,ignore,negative
591,улыбаться,smile,neutral
590,ранить,hurt,negative
589,оставаться,remain,neutral
588,упаковывать,pack,neutral
587,вызывать,cause,positive
586,распространять,spread,positive
585,признавать,admit,neutral
584,поднимать,lift,positive
583,растягивать,stretch,neutral
582,обвинять,charge,positive
581,управлять,manage,positive
580,сомневаться,doubt,negative
578,наслаждаться,enjoy,neutral
679,получать,receive,negative
680,гнуть,bend,neutral
681,целовать,kiss,positive
778,колебаться,hesitate,negative
777,взрываться,explode,positive
776,выздоравливать,recover,positive
775,завиваться,curl,neutral
774,облегчать,relieve,positive
773,взвешивать,weigh,neutral
772,шлепать,slap,positive
771,совершать,commit,positive
770,связывать,link,neutral
769,регулировать,adjust,positive
768,вспоминать,recall,neutral
767,отражать,reflect,neutral
766,возбуждать,excite,negative
765,переворачивать,flip,neutral
764,сосать,suck,neutral
763,прогрессировать,progress,positive
762,определять,determine,positive
761,петь,sing,positive
760,продлевать,extend,positive
759,зарабатывать,earn,positive
758,подтверждать,confirm,positive
757,бить,punch,positive
756,рвать,rip,positive
755,сопротивляться,resist,positive
754,светиться,glow,neutral
753,ухаживать,tend,neutral
752,расслабляться,relax,negative
751,кричать,yell,positive
750,появляться,emerge,neutral
779,нанимать,hire,positive
749,складывать,stack,neutral
780,регистрировать,register,positive
782,осматривать,examine,positive
811,пить,sip,neutral
810,тонуть,drown,negative
809,схватить,clutch,positive
808,произносить,spell,neutral
807,признавать,acknowledge,positive
806,относиться,relate,neutral
805,значить,mean,neutral
804,мигать,blink,neutral
803,обнимать,embrace,positive
802,таять,melt,neutral
801,пугать,scare,negative
800,радовать,please,neutral
799,избавлять,rid,positive
798,напрягать,strain,neutral
797,считать,regard,neutral
796,занимать,engage,positive
795,пропитывать,soak,neutral
794,поощрять,encourage,positive
793,прощать,forgive,positive
792,целиться,aim,positive
791,праздновать,celebrate,positive
790,молиться,pray,positive
789,понимать,grasp,positive
788,смущать,confuse,negative
787,развивать,develop,positive
786,понимать,understand,neutral
785,относиться,refer,neutral
784,касаться,concern,negative
783,выполнять,perform,positive
781,производить,produce,positive
748,ограничивать,limit,positive
747,гладить,stroke,neutral
746,получать,gain,positive
710,разрушаться,collapse,negative
709,сиять,shine,neutral
708,приводить,result,negative
707,думать,think,neutral
706,требовать,require,neutral
705,предпочитать,prefer,neutral
704,объявлять,announce,positive
703,жаловаться,complain,negative
702,торопиться,hurry,positive
701,подозревать,suspect,neutral
700,замерзать,freeze,negative
699,отображать,display,positive
698,угрожать,threaten,positive
697,жестикулировать,gesture,neutral
696,клясться,swear,positive
695,соединять,connect,neutral
694,сжимать,squeeze,neutral
693,хлопать,pop,neutral
692,разделять,split,positive
691,стрелять,shoot,positive
690,иметь,have,neutral
689,доставлять,deliver,positive
688,ранить,wound,positive
687,бросать,cast,positive
686,заслуживать,deserve,neutral
685,страдать,suffer,negative
684,нахальничать,cheek,positive
683,винить,fault,negative
682,мести,sweep,neutral
711,ценить,appreciate,neutral
712,содержать,contain,neutral
713,отчитываться,account,neutral
714,осмеливаться,dare,positive
745,осыпать,shower,neutral
744,позволять,afford,neutral
742,отрицать,deny,positive
741,возражать,object,positive
740,размешивать,stir,neutral
739,намереваться,intend,positive
738,предупреждать,warn,neutral
737,спотыкаться,stumble,negative
736,искать,seek,positive
735,расстраивать,upset,negative
734,связывать,bind,positive
733,подвергать,expose,positive
732,посещать,attend,neutral
731,закрывать,close,neutral
813,сосредоточить,concentrate,positive
730,разрушать,destroy,positive
728,получать,get,neutral
727,применять,apply,positive
726,желать,desire,neutral
725,ломать,break,negative
724,бросать,toss,neutral
723,зависеть,depend,negative
722,побуждать,urge,positive
721,направлять,guide,positive
720,готовить,cook,positive
719,открывать,open,neutral
718,течь,flow,neutral
717,происходить,occur,negative
716,прикреплять,attach,neutral
715,наклонять,heel,neutral
729,обеспечивать,provide,positive
2141,дублировать,duplicate,neutral